{
    "total mass": 1.9889999999999998e+37,
    "mass ratio": 0.2,
    "height": [
        10.0,
        10.0
    ],
    "mass": [
        1.6575e+37,
        3.3150000000000004e+36
    ],
    "rg": [
        12300930510.95218,
        2460186102.1904364
    ],
    "spin": [
        0.99,
        0.99
    ],
    "rin": [
        17891678064.39525,
        3578335612.8790503
    ],
    "rout": [
        497030199403.52454,
        240280098399.36972
    ],
    "area": [
        1,
        0.2339574291599259
    ],
    "mdot": [
        1,
        3.3234029858704432
    ],
    "logxi": [
        0.050252117578962446,
        3.869594262946583
    ],
    "eddratio": [
        0.0138779568307857,
        0.23061021584607158,
        0.05
    ],
    "velocity": [
        -4996540.966666667,
        24982704.833333332
    ],
    "redshift": [
        0.008263295594665099,
        -0.043339140551888145
    ],
    "phase": "90",
    "settings:colors": [
        "#DA674D",
        "#1AAD85",
        "k"
    ],
    "settings:filename": "q_0.2_l_total_0.05_phase_90",
    "settings:fontsize": "16",
    "settings:linewidth": "1.5",
    "settings:imageloc": "test",
    "settings:savefig": "True",
    "settings:focus": "custom",
    "settings:lim": [
        0.2,
        150.0,
        0.0,
        275.0
    ],
    "xspec:energylim": [
        0.02,
        200.0,
        2000.0
    ],
    "xspec:instrument": "null"
}